1, 293, 445, 8, 263, 399
2, 357, 58, 432, 20, 233
3, 72, 27, 328, 423, 75
4, 323, 148, 486, 288, 7
5, 233, 366, 459, 379, 6
6, 110, 200, 62, 474, 338
7, 238, 272, 21, 293, 248
8, 302, 38, 299, 319, 59
9, 451, 326, 214, 337, 423
10, 285, 235, 386, 208, 441
11, 406, 426, 456, 80, 375
12, 103, 453, 318, 425, 388
13, 115, 466, 78, 232, 163
14, 324, 143, 500, 11, 405
15, 463, 50, 281, 498, 114
16, 97, 177, 66, 373, 5
17, 83, 320, 309, 20, 236
18, 117, 386, 95, 360, 113
19, 60, 90, 73, 371, 372
20, 125, 310, 162, 370, 260
21, 68, 29, 127, 309, 449
22, 234, 283, 172, 325, 378
23, 225, 171, 415, 26, 199
24, 446, 436, 443, 101, 158
25, 493, 337, 211, 165, 132
26, 34, 237, 105, 128, 406
27, 173, 64, 249, 176, 286
28, 311, 216, 73, 288, 368
29, 80, 167, 111, 350, 334
30, 440, 456, 484, 61, 385
31, 102, 343, 26, 11, 329
32, 432, 500, 157, 143, 320
33, 428, 87, 111, 238, 393
34, 180, 357, 223, 435, 304
35, 209, 27, 170, 203, 392
36, 451, 141, 167, 289, 173
37, 381, 333, 297, 490, 452
38, 455, 176, 329, 460, 361
39, 337, 264, 152, 189, 212
40, 294, 86, 36, 115, 457
41, 464, 491, 248, 185, 479
42, 362, 143, 249, 238, 179
43, 202, 309, 36, 10, 472
44, 442, 164, 87, 23, 436
45, 157, 293, 238, 185, 336
46, 355, 259, 340, 107, 35
47, 316, 248, 39, 303, 482
48, 132, 277, 162, 444, 21
49, 310, 479, 290, 46, 368
50, 12, 324, 249, 6, 87
51, 432, 268, 91, 10, 271
52, 270, 177, 105, 309, 29
53, 127, 465, 91, 285, 360
54, 261, 302, 118, 447, 148
55, 327, 392, 196, 69, 252
56, 376, 226, 229, 12, 179
57, 394, 277, 106, 349, 433
58, 271, 378, 350, 345, 291
59, 325, 37, 385, 357, 428
60, 444, 441, 184, 414, 396
61, 311, 214, 490, 106, 434
62, 429, 114, 430, 71, 20
63, 147, 56, 32, 127, 437
64, 486, 348, 241, 437, 258
65, 265, 496, 184, 205, 467
66, 477, 405, 323, 126, 45
67, 91, 247, 172, 335, 80
68, 119, 264, 465, 52, 214
69, 18, 59, 116, 427, 11
70, 185, 460, 388, 10, 455
71, 98, 321, 332, 19, 308
72, 372, 448, 483, 84, 123
73, 465, 75, 192, 431, 178
74, 73, 366, 253, 245, 7
75, 55, 437, 352, 203, 124
76, 266, 137, 420, 416, 89
77, 427, 404, 215, 393, 237
78, 204, 293, 264, 57, 395
79, 364, 485, 317, 117, 243
80, 61, 199, 108, 488, 6
81, 352, 211, 63, 429, 451
82, 404, 296, 420, 270, 157
83, 496, 67, 354, 157, 90
84, 36, 120, 480, 24, 185
85, 488, 144, 222, 210, 160
86, 441, 337, 427, 422, 279
87, 109, 131, 167, 449, 465
88, 420, 331, 195, 354, 213
89, 185, 351, 72, 139, 280
90, 444, 59, 486, 296, 127
91, 163, 479, 264, 168, 215
92, 81, 488, 394, 284, 339
93, 102, 351, 343, 103, 164
94, 395, 74, 457, 10, 277
95, 313, 326, 383, 231, 449
96, 117, 343, 74, 385, 126
97, 168, 356, 41, 138, 360
98, 500, 152, 367, 6, 484
99, 322, 378, 43, 130, 387
100, 62, 498, 83, 252, 319
101, 129, 420, 146, 77, 241
102, 227, 345, 332, 351, 205
103, 471, 467, 334, 312, 56
104, 474, 190, 62, 303, 202
105, 294, 398, 429, 387, 291
106, 129, 389, 243, 263, 8
107, 366, 1, 326, 154, 103
108, 190, 73, 222, 225, 428
109, 83, 131, 397, 14, 13
110, 246, 65, 270, 19, 121
111, 61, 41, 211, 32, 247
112, 159, 211, 16, 457, 470
113, 339, 83, 64, 103, 288
114, 433, 90, 478, 498, 455
115, 4, 448, 432, 435, 133
116, 70, 396, 497, 283, 145
117, 472, 113, 430, 271, 68
118, 219, 304, 310, 119, 155
119, 258, 415, 292, 109, 77
120, 211, 167, 206, 178, 195
121, 420, 29, 240, 213, 158
122, 266, 415, 363, 258, 88
123, 173, 423, 247, 211, 186
124, 314, 185, 400, 279, 420
125, 111, 345, 261, 418, 419
126, 4, 358, 30, 109, 149
127, 189, 198, 320, 126, 59
128, 432, 204, 163, 224, 82
129, 222, 255, 287, 65, 277
130, 352, 326, 143, 428, 473
131, 393, 364, 344, 80, 464
132, 462, 21, 484, 413, 469
133, 429, 149, 456, 439, 323
134, 341, 377, 449, 326, 156
135, 19, 92, 173, 131, 337
136, 192, 344, 202, 2, 499
137, 433, 331, 149, 128, 289
138, 36, 402, 349, 283, 454
139, 232, 172, 325, 202, 197
140, 179, 10, 252, 429, 46
141, 340, 362, 300, 217, 164
142, 364, 367, 63, 261, 14
143, 125, 409, 320, 14, 367
144, 265, 304, 95, 284, 225
145, 27, 310, 82, 43, 460
146, 474, 264, 118, 457, 313
147, 132, 438, 3, 207, 397
148, 385, 212, 38, 330, 292
149, 209, 401, 281, 391, 399
150, 124, 348, 168, 2, 39
151, 176, 182, 350, 28, 119
152, 361, 56, 297, 473, 498
153, 429, 421, 64, 235, 354
154, 415, 349, 109, 336, 448
155, 212, 317, 241, 92, 206
156, 144, 312, 266, 292, 35
157, 239, 189, 139, 155, 131
158, 6, 315, 195, 227, 47
159, 294, 34, 183, 27, 394
160, 109, 5, 6, 65, 133
161, 221, 117, 474, 384, 234
162, 379, 384, 16, 102, 183
163, 205, 318, 372, 1, 7
164, 29, 118, 266, 104, 5
165, 307, 137, 393, 171, 352
166, 348, 78, 407, 475, 53
167, 347, 25, 455, 379, 303
168, 227, 169, 390, 324, 229
169, 207, 481, 166, 221, 361
170, 234, 241, 60, 366, 113
171, 107, 385, 423, 332, 445
172, 157, 86, 142, 207, 60
173, 422, 387, 301, 97, 357
174, 349, 448, 379, 385, 452
175, 297, 341, 453, 36, 288
176, 439, 388, 448, 121, 86
177, 81, 114, 101, 60, 222
178, 166, 117, 230, 89, 356
179, 109, 271, 265, 102, 450
180, 136, 157, 484, 43, 362
181, 377, 320, 79, 97, 405
182, 152, 77, 398, 47, 123
183, 403, 137, 119, 359, 235
184, 210, 21, 475, 214, 26
185, 404, 209, 384, 8, 443
186, 464, 46, 120, 45, 362
187, 23, 259, 216, 262, 281
188, 337, 304, 432, 328, 36
189, 320, 83, 470, 378, 233
190, 289, 308, 163, 222, 127
191, 451, 476, 113, 351, 244
192, 170, 44, 1, 278, 233
193, 222, 160, 494, 323, 86
194, 51, 166, 248, 237, 102
195, 216, 388, 277, 287, 361
196, 456, 491, 396, 202, 383
197, 40, 24, 308, 459, 240
198, 66, 384, 169, 165, 117
199, 445, 277, 174, 81, 197
200, 182, 354, 152, 491, 416
201, 41, 287, 83, 323, 496
202, 125, 413, 180, 282, 3
203, 17, 165, 12, 492, 118
204, 312, 65, 336, 51, 143
205, 230, 463, 473, 491, 208
206, 246, 21, 80, 130, 342
207, 151, 62, 302, 234, 88
208, 391, 268, 382, 131, 225
209, 405, 92, 294, 227, 183
210, 458, 151, 88, 419, 487
211, 490, 27, 93, 439, 485
212, 109, 94, 452, 120, 72
213, 276, 431, 105, 361, 454
214, 422, 189, 263, 341, 16
215, 52, 304, 222, 425, 360
216, 75, 282, 312, 307, 40
217, 116, 164, 229, 489, 49
218, 266, 370, 129, 33, 87
219, 233, 472, 371, 88, 470
220, 356, 51, 16, 279, 66
221, 152, 498, 8, 266, 495
222, 243, 232, 69, 492, 51
223, 353, 266, 274, 119, 238
224, 26, 170, 246, 78, 114
225, 410, 457, 211, 406, 454
226, 152, 93, 359, 230, 361
227, 344, 333, 498, 496, 363
228, 297, 306, 14, 275, 409
229, 152, 416, 261, 311, 441
230, 21, 386, 459, 78, 287
231, 323, 94, 363, 216, 283
232, 32, 53, 94, 197, 203
233, 317, 247, 429, 455, 411
234, 131, 239, 479, 475, 150
235, 176, 406, 379, 278, 203
236, 450, 117, 23, 367, 400
237, 19, 190, 285, 362, 36
238, 278, 169, 13, 325, 448
239, 243, 495, 455, 270, 210
240, 273, 264, 183, 45, 25
241, 377, 354, 269, 236, 472
242, 422, 279, 119, 74, 200
243, 449, 389, 481, 88, 144
244, 399, 242, 325, 478, 376
245, 433, 1, 438, 384, 426
246, 452, 134, 131, 200, 400
247, 166, 462, 3, 229, 101
248, 152, 124, 419, 470, 287
249, 406, 181, 462, 16, 98
250, 154, 121, 33, 415, 261
251, 44, 100, 339, 308, 155
252, 378, 20, 449, 16, 414
253, 89, 203, 64, 376, 456
254, 117, 315, 415, 368, 284
255, 471, 66, 273, 486, 26
256, 381, 432, 12, 466, 423
257, 58, 277, 78, 461, 343
258, 267, 119, 395, 279, 251
259, 12, 307, 71, 343, 46
260, 77, 100, 150, 210, 21
261, 463, 258, 292, 9, 357
262, 61, 302, 152, 372, 174
263, 151, 461, 319, 264, 298
264, 307, 207, 473, 449, 404
265, 137, 355, 466, 156, 64
266, 364, 90, 416, 119, 120
267, 255, 293, 448, 22, 42
268, 348, 262, 450, 420, 21
269, 360, 84, 386, 7, 458
270, 54, 111, 353, 370, 307
271, 190, 177, 354, 327, 314
272, 190, 485, 6, 363, 113
273, 349, 282, 212, 378, 153
274, 280, 6, 351, 166, 255
275, 140, 65, 382, 478, 269
276, 129, 431, 99, 500, 256
277, 401, 384, 473, 360, 229
278, 172, 128, 59, 500, 400
279, 181, 17, 140, 137, 183
280, 472, 196, 378, 462, 35
281, 88, 93, 246, 432, 412
282, 180, 171, 115, 137, 377
283, 421, 454, 480, 418, 19
284, 54, 347, 222, 430, 65
285, 263, 437, 228, 423, 127
286, 313, 236, 55, 402, 67
287, 477, 421, 122, 145, 321
288, 156, 261, 461, 203, 391
289, 273, 305, 339, 345, 79
290, 123, 341, 93, 462, 321
291, 245, 301, 15, 446, 49
292, 215, 217, 140, 187, 22
293, 206, 484, 391, 257, 218
294, 357, 420, 347, 488, 251
295, 498, 395, 5, 240, 173
296, 339, 390, 492, 308, 215
297, 459, 35, 244, 113, 342
298, 283, 362, 245, 215, 210
299, 276, 350, 486, 295, 24
300, 419, 75, 439, 186, 176
301, 91, 173, 193, 320, 54
302, 363, 106, 426, 396, 225
303, 64, 220, 331, 101, 162
304, 256, 385, 152, 466, 447
305, 465, 245, 162, 190, 130
306, 474, 75, 248, 365, 494
307, 427, 500, 388, 4, 199
308, 268, 313, 477, 339, 323
309, 46, 86, 270, 166, 113
310, 324, 51, 107, 2, 301
311, 432, 101, 350, 199, 297
312, 103, 174, 63, 120, 450
313, 44, 396, 68, 93, 152
314, 436, 243, 346, 333, 124
315, 424, 166, 334, 446, 35
316, 141, 388, 292, 227, 426
317, 49, 129, 261, 131, 403
318, 204, 230, 308, 439, 188
319, 166, 146, 73, 379, 29
320, 98, 209, 87, 51, 236
321, 357, 192, 231, 168, 137
322, 43, 237, 132, 410, 329
323, 303, 213, 288, 448, 245
324, 302, 33, 367, 175, 275
325, 131, 295, 221, 467, 215
326, 472, 475, 218, 497, 141
327, 246, 69, 227, 129, 317
328, 461, 411, 138, 296, 421
329, 122, 418, 21, 216, 5
330, 161, 124, 27, 126, 201
331, 417, 352, 450, 475, 433
332, 98, 418, 399, 71, 122
333, 1, 45, 213, 105, 148
334, 442, 54, 117, 471, 221
335, 326, 345, 384, 177, 25
336, 354, 326, 329, 51, 197
337, 47, 108, 371, 69, 353
338, 449, 478, 200, 42, 398
339, 25, 62, 250, 80, 66
340, 152, 43, 12, 374, 471
341, 323, 436, 387, 484, 283
342, 104, 374, 74, 129, 95
343, 431, 263, 227, 65, 53
344, 37, 475, 96, 488, 324
345, 264, 198, 18, 130, 429
346, 136, 167, 196, 376, 368
347, 412, 242, 187, 350, 34
348, 307, 488, 226, 164, 199
349, 231, 340, 339, 426, 288
350, 445, 475, 451, 55, 279
351, 468, 297, 487, 192, 482
352, 60, 98, 406, 337, 446
353, 279, 201, 66, 419, 114
354, 6, 418, 82, 490, 448
355, 122, 461, 270, 345, 423
356, 140, 16, 459, 441, 486
357, 463, 165, 290, 209, 358
358, 179, 115, 465, 163, 254
359, 496, 250, 119, 490, 373
360, 265, 489, 493, 400, 262
361, 75, 389, 309, 373, 63
362, 386, 499, 112, 376, 199
363, 328, 76, 70, 463, 427
364, 390, 324, 159, 431, 256
365, 143, 142, 187, 299, 341
366, 415, 43, 496, 205, 390
367, 194, 413, 223, 160, 87
368, 28, 357, 489, 307, 245
369, 391, 414, 299, 282, 449
370, 37, 477, 244, 69, 319
371, 294, 140, 82, 164, 183
372, 347, 433, 274, 235, 199
373, 455, 461, 323, 397, 184
374, 342, 335, 68, 111, 94
375, 379, 278, 433, 344, 493
376, 269, 286, 156, 152, 32
377, 304, 479, 228, 127, 309
378, 57, 358, 218, 34, 410
379, 309, 266, 230, 447, 70
380, 6, 381, 68, 147, 50
381, 83, 326, 396, 248, 385
382, 46, 264, 209, 349, 296
383, 239, 475, 414, 459, 325
384, 71, 134, 483, 47, 346
385, 19, 200, 120, 141, 116
386, 110, 56, 480, 80, 266
387, 146, 391, 317, 208, 162
388, 413, 15, 448, 73, 107
389, 452, 427, 343, 77, 291
390, 426, 101, 264, 431, 496
391, 224, 69, 1, 364, 160
392, 196, 498, 450, 430, 185
393, 204, 90, 244, 202, 374
394, 248, 335, 409, 263, 3
395, 89, 291, 81, 364, 312
396, 386, 357, 299, 210, 374
397, 94, 99, 353, 263, 314
398, 459, 174, 424, 282, 121
399, 112, 156, 358, 332, 70
400, 205, 308, 390, 269, 102
401, 344, 265, 246, 368, 282
402, 183, 459, 377, 428, 471
403, 374, 393, 471, 43, 398
404, 354, 59, 58, 446, 338
405, 494, 495, 490, 55, 314
406, 283, 177, 295, 35, 252
407, 368, 470, 465, 79, 34
408, 221, 409, 13, 164, 184
409, 334, 466, 79, 381, 426
410, 291, 463, 450, 45, 495
411, 277, 269, 164, 261, 352
412, 45, 329, 147, 16, 500
413, 16, 466, 393, 181, 217
414, 347, 448, 147, 294, 74
415, 180, 354, 269, 410, 293
416, 490, 338, 56, 424, 159
417, 264, 69, 52, 441, 31
418, 61, 251, 413, 273, 7
419, 447, 449, 43, 173, 385
420, 348, 116, 267, 464, 248
421, 441, 48, 42, 279, 444
422, 281, 357, 400, 33, 443
423, 235, 164, 449, 27, 413
424, 369, 298, 374, 151, 159
425, 274, 237, 273, 128, 340
426, 204, 461, 213, 453, 399
427, 302, 453, 258, 468, 466
428, 1, 304, 204, 155, 79
429, 157, 346, 138, 193, 483
430, 480, 47, 488, 317, 308
431, 129, 369, 29, 365, 108
432, 486, 185, 154, 440, 282
433, 417, 61, 110, 450, 225
434, 350, 138, 69, 186, 231
435, 143, 23, 309, 385, 183
436, 354, 53, 405, 496, 464
437, 208, 373, 365, 416, 261
438, 225, 407, 33, 80, 475
439, 465, 135, 100, 49, 24
440, 412, 225, 464, 73, 396
441, 18, 128, 414, 84, 26
442, 416, 23, 286, 239, 341
443, 170, 335, 126, 25, 285
444, 322, 373, 177, 47, 472
445, 256, 320, 401, 272, 342
446, 283, 300, 51, 262, 58
447, 94, 86, 469, 403, 101
448, 367, 452, 447, 119, 172
449, 476, 314, 120, 205, 441
450, 186, 76, 176, 31, 487
451, 65, 311, 83, 69, 11
452, 461, 176, 261, 31, 376
453, 231, 235, 168, 317, 290
454, 301, 348, 51, 464, 386
455, 486, 326, 471, 92, 259
456, 240, 497, 417, 348, 498
457, 494, 361, 79, 369, 218
458, 137, 420, 341, 145, 180
459, 442, 173, 318, 417, 255
460, 381, 463, 23, 479, 370
461, 321, 55, 84, 228, 463
462, 448, 288, 277, 286, 440
463, 393, 354, 351, 349, 364
464, 283, 120, 117, 280, 345
465, 71, 462, 217, 205, 167
466, 92, 347, 6, 394, 498
467, 489, 37, 289, 363, 107
468, 347, 208, 216, 82, 37
469, 180, 103, 25, 242, 81
470, 383, 404, 208, 68, 21
471, 17, 121, 238, 204, 99
472, 147, 481, 359, 192, 183
473, 417, 166, 84, 58, 162
474, 436, 301, 176, 361, 281
475, 420, 87, 358, 85, 316
476, 27, 228, 451, 395, 189
477, 342, 144, 186, 139, 376
478, 84, 437, 296, 172, 262
479, 325, 21, 22, 274, 285
480, 283, 83, 451, 93, 129
481, 344, 419, 304, 375, 498
482, 50, 165, 204, 341, 343
483, 246, 350, 227, 66, 397
484, 288, 451, 463, 10, 417
485, 265, 243, 448, 339, 450
486, 117, 64, 421, 75, 282
487, 486, 102, 259, 422, 438
488, 348, 254, 253, 398, 176
489, 18, 208, 279, 417, 35
490, 479, 33, 472, 73, 321
491, 103, 464, 19, 497, 223
492, 390, 164, 346, 312, 237
493, 229, 439, 115, 316, 380
494, 157, 369, 357, 301, 292
495, 242, 436, 373, 63, 121
496, 246, 343, 493, 295, 31
497, 418, 193, 49, 213, 420
498, 305, 29, 241, 367, 295
499, 33, 462, 104, 433, 128
500, 324, 289, 20, 259, 161
